{
  "baseline": {
    "weight_name": "等权配置（基线）",
    "weights": {
      "kg": 1.0,
      "dense": 1.0,
      "bm25": 1.0
    },
    "avg_recall": 1.0,
    "avg_precision": 0.6296428571428572,
    "avg_f1": 0.7339523809523809,
    "avg_hit_rate": 1.0,
    "time_elapsed": 26.112192630767822
  },
  "optimized": {
    "weight_name": "贝叶斯优化权重",
    "weights": {
      "kg": 4.7852672333546264,
      "dense": 0.7539795890525398,
      "bm25": 4.182368771213989
    },
    "avg_recall": 0.9957142857142857,
    "avg_precision": 0.7089285714285715,
    "avg_f1": 0.7906190476190476,
    "avg_hit_rate": 0.9957142857142857,
    "time_elapsed": 25.40857195854187
  },
  "improvement": {
    "recall": -0.4285714285714337,
    "precision": 12.592172433352241,
    "f1": 7.72075520664374,
    "hit_rate": -0.4285714285714337
  }
}